{"cameraMode":{"drawMode":0,"name":"Shaded","section":"Shading Mode"},"sceneLighting":false,"audioPlay":false,"sceneViewState":{"showFog":true,"showMaterialUpdate":false,"showSkybox":false,"showFlares":true,"showImageEffects":true,"showParticleSystems":true},"in2DMode":false,"pivot":{"x":5.746248245239258,"y":7.929999828338623,"z":-12.179134368896485},"rotation":{"x":0.0793255865573883,"y":0.8807635307312012,"z":-0.1591893881559372,"w":0.4388986825942993},"size":0.8660256862640381,"orthographic":false}