{"cameraMode":{"drawMode":0,"name":"Shaded","section":"Shading Mode"},"sceneLighting":true,"audioPlay":false,"sceneViewState":{"showFog":true,"showMaterialUpdate":false,"showSkybox":true,"showFlares":true,"showImageEffects":true,"showParticleSystems":true},"in2DMode":false,"pivot":{"x":-6.582820892333984,"y":-6.593463897705078,"z":0.8079743385314941},"rotation":{"x":-0.24580790102481843,"y":0.6810330748558044,"z":-0.2624335289001465,"w":-0.6378909945487976},"size":14.307908058166504,"orthographic":false}