{"cameraMode":{"drawMode":0,"name":"Shaded","section":"Shading Mode"},"sceneLighting":true,"audioPlay":false,"sceneViewState":{"showFog":true,"showMaterialUpdate":false,"showSkybox":true,"showFlares":true,"showImageEffects":true,"showParticleSystems":true},"in2DMode":false,"pivot":{"x":13.089034080505371,"y":-3.662315607070923,"z":19.067506790161134},"rotation":{"x":-0.09914860874414444,"y":0.003895512782037258,"z":-0.00039396967622451484,"w":-0.9950886368751526},"size":13.280075073242188,"orthographic":false}