{"cameraMode":{"drawMode":0,"name":"Shaded","section":"Shading Mode"},"sceneLighting":true,"audioPlay":false,"sceneViewState":{"showFog":true,"showMaterialUpdate":false,"showSkybox":true,"showFlares":true,"showImageEffects":true,"showParticleSystems":true},"in2DMode":false,"pivot":{"x":11.146327018737793,"y":0.0,"z":-17.000680923461915},"rotation":{"x":0.11923617124557495,"y":0.8767590522766113,"z":-0.28163519501686098,"w":0.37120625376701357},"size":1.0406965017318726,"orthographic":false}