{"cameraMode":{"drawMode":0,"name":"Shaded","section":"Shading Mode"},"sceneLighting":true,"audioPlay":false,"sceneViewState":{"showFog":true,"showMaterialUpdate":false,"showSkybox":true,"showFlares":true,"showImageEffects":true,"showParticleSystems":true},"in2DMode":false,"pivot":{"x":0.0,"y":0.3400000333786011,"z":11.140000343322754},"rotation":{"x":0.02304188534617424,"y":0.9745847582817078,"z":-0.18825049698352815,"w":0.11929457634687424},"size":21.364543914794923,"orthographic":false}