{"cameraMode":{"drawMode":0,"name":"Shaded","section":"Shading Mode"},"sceneLighting":true,"audioPlay":false,"sceneViewState":{"showFog":true,"showMaterialUpdate":false,"showSkybox":true,"showFlares":true,"showImageEffects":true,"showParticleSystems":true},"in2DMode":false,"pivot":{"x":0.1768195778131485,"y":-0.8686090111732483,"z":-24.74570083618164},"rotation":{"x":-0.0014259952586144209,"y":0.99319988489151,"z":-0.11584112793207169,"w":-0.012214470654726029},"size":11.2606782913208,"orthographic":false}