{"cameraMode":{"drawMode":0,"name":"Shaded","section":"Shading Mode"},"sceneLighting":false,"audioPlay":false,"sceneViewState":{"showFog":true,"showMaterialUpdate":false,"showSkybox":false,"showFlares":true,"showImageEffects":true,"showParticleSystems":true},"in2DMode":false,"pivot":{"x":-33.470001220703128,"y":0.6299999952316284,"z":-9.069999694824219},"rotation":{"x":-0.0002869770396500826,"y":0.9977000951766968,"z":-0.06775730103254318,"w":-0.004190404899418354},"size":7.694807529449463,"orthographic":false}