{"cameraMode":{"drawMode":0,"name":"Shaded","section":"Shading Mode"},"sceneLighting":false,"audioPlay":false,"sceneViewState":{"showFog":true,"showMaterialUpdate":false,"showSkybox":false,"showFlares":true,"showImageEffects":true,"showParticleSystems":true},"in2DMode":false,"pivot":{"x":13.611190795898438,"y":-4.942984580993652,"z":80.01176452636719},"rotation":{"x":-0.07839185744524002,"y":-0.8890532851219177,"z":0.1662011593580246,"w":-0.4193165600299835},"size":15.47238826751709,"orthographic":false}