{"cameraMode":{"drawMode":0,"name":"Shaded","section":"Shading Mode"},"sceneLighting":false,"audioPlay":false,"sceneViewState":{"showFog":true,"showMaterialUpdate":false,"showSkybox":false,"showFlares":true,"showImageEffects":true,"showParticleSystems":true},"in2DMode":false,"pivot":{"x":-0.685821533203125,"y":1.3609999418258668,"z":-9.0649995803833},"rotation":{"x":0.185987651348114,"y":0.6947001218795776,"z":-0.19361798465251923,"w":0.6673228740692139},"size":0.8660253882408142,"orthographic":false}